algorithm,round,train_loss,MAE,RMSE,R2,PPA
FedAvg,1,1722.5500244140626,42.0,43.05810028322197,-19.600000381469727,0.0
FedAvg,2,365.6802581787109,25.11817169189453,30.453500791357612,-9.304618835449219,0.0
FedAvg,3,255.32476348876952,18.67314910888672,24.902647363345228,-5.890464782714844,11.11111111111111
FedAvg,4,73.9043685913086,19.083898544311523,24.67640301426965,-5.76583194732666,0.0
FedAvg,5,91.94607238769531,17.776039123535156,20.578626992975398,-3.7053322792053223,22.22222222222222
FedAvg,6,85.71016921997071,16.594118118286133,18.75555988530676,-2.908566951751709,22.22222222222222
FedAvg,7,95.49532775878906,13.989917755126953,16.590648066651415,-2.058328866958618,0.0
FedAvg,8,79.8253044128418,16.243087768554688,18.189594790499818,-2.6762373447418213,22.22222222222222
FedAvg,9,100.97470932006836,16.213237762451172,18.125496693086614,-2.650373697280884,0.0
FedAvg,10,81.16947021484376,16.57432746887207,18.718755706123922,-2.893242359161377,22.22222222222222
FedAvg,11,43.768803405761716,16.91190528869629,19.27183028108157,-3.126704692840576,22.22222222222222
FedAvg,12,51.97498550415039,15.960164070129395,17.94280565860155,-2.5771586894989014,22.22222222222222
FedAvg,13,74.62789688110351,16.246448516845703,17.921274748829862,-2.5685787200927734,11.11111111111111
FedAvg,14,77.49281997680664,17.26740837097168,18.816149588892053,-2.9338607788085938,0.0
FedAvg,15,71.52411880493165,16.890655517578125,18.468351769712523,-2.789777994155884,11.11111111111111
FedAvg,16,81.08870391845703,16.053314208984375,17.725159362162657,-2.490902900695801,0.0
FedAvg,17,78.06921768188477,17.18242645263672,18.75146478653401,-2.9068603515625,0.0
FedAvg,18,58.52892150878906,15.978498458862305,17.55967868936753,-2.426025629043579,11.11111111111111
FedAvg,19,87.14554977416992,15.96226692199707,17.55201793926369,-2.423036813735962,0.0
FedAvg,20,84.19615020751954,17.201799392700195,19.17566626633381,-3.0856242179870605,11.11111111111111
FedAvg,21,58.43927764892578,16.33933448791504,18.318022744701203,-2.728332996368408,11.11111111111111
FedAvg,22,78.86889953613282,16.955570220947266,19.046709167910166,-3.0308570861816406,11.11111111111111
FedAvg,23,61.176155471801756,17.268878936767578,19.060975060674934,-3.036897659301758,11.11111111111111
FedAvg,24,81.36454925537109,17.30318260192871,19.11637574262452,-3.0603981018066406,11.11111111111111
FedAvg,25,57.13014297485351,18.152915954589844,20.237297689499886,-3.5505356788635254,11.11111111111111
FedAvg,26,51.99665641784668,17.098337173461914,18.90269691561481,-2.970132827758789,0.0
FedAvg,27,76.8088882446289,17.758508682250977,19.788434837558842,-3.350912570953369,11.11111111111111
FedAvg,28,45.501355743408205,17.742897033691406,19.504731997966545,-3.22705078125,11.11111111111111
FedAvg,29,74.96541824340821,18.30934715270996,20.521563098408297,-3.6792726516723633,11.11111111111111
FedAvg,30,69.41747360229492,18.24493980407715,20.200890791485687,-3.534177780151367,11.11111111111111
FedAvg,31,58.32627944946289,17.611305236816406,19.601292376825484,-3.2690072059631348,11.11111111111111
FedAvg,32,76.31580352783203,17.26715850830078,18.91888540198697,-2.976935863494873,11.11111111111111
FedAvg,33,64.78654327392579,17.448436737060547,19.272728915075426,-3.127089500427246,11.11111111111111
FedAvg,34,73.8889289855957,17.273147583007812,19.068102404195205,-3.0399169921875,11.11111111111111
FedAvg,35,68.45808334350586,17.785743713378906,19.673245552683266,-3.3004064559936523,11.11111111111111
FedAvg,36,64.69563903808594,18.103126525878906,20.36499901336735,-3.6081466674804688,11.11111111111111
FedAvg,37,56.8480037689209,18.29859161376953,20.502074346032266,-3.670389175415039,11.11111111111111
FedAvg,38,43.755252075195315,18.617631912231445,20.906137600127593,-3.856295585632324,11.11111111111111
FedAvg,39,59.18276252746582,18.10962677001953,20.228081037290014,-3.5463919639587402,11.11111111111111
FedAvg,40,61.24074935913086,18.131603240966797,20.552197504540118,-3.693253517150879,11.11111111111111
FedAvg,41,71.21988830566406,18.526987075805664,20.821397866878662,-3.8170065879821777,11.11111111111111
FedAvg,42,73.65824890136719,17.737808227539062,19.657419821856948,-3.293490409851074,11.11111111111111
FedAvg,43,53.37207679748535,18.507299423217773,20.433685226687803,-3.6392831802368164,11.11111111111111
FedAvg,44,96.74612579345703,17.86896324157715,19.925658341735225,-3.4114651679992676,11.11111111111111
FedAvg,45,59.22266311645508,17.293758392333984,19.469887983394703,-3.2119617462158203,11.11111111111111
FedAvg,46,56.250145721435544,17.266281127929688,19.410758018569723,-3.1864171028137207,11.11111111111111
FedAvg,47,65.68836212158203,17.95922088623047,20.563466150839425,-3.69840145111084,22.22222222222222
FedAvg,48,79.68359985351563,17.27007484436035,19.69052401130665,-3.3079638481140137,22.22222222222222
FedAvg,49,46.500139236450195,18.11278533935547,20.660572425024615,-3.742880344390869,22.22222222222222
FedAvg,50,59.352090454101564,17.33104705810547,19.823453264161778,-3.3663253784179688,11.11111111111111
FedProx,1,1643.490087890625,42.0,43.05810028322197,-19.600000381469727,0.0
FedProx,2,298.11345291137695,19.680492401123047,27.80891611389569,-7.592619895935059,44.44444444444444
FedProx,3,96.90009765625,19.880332946777344,25.19491157626749,-6.0531511306762695,22.22222222222222
FedProx,4,81.20588073730468,18.17761993408203,21.670632962786584,-4.217958927154541,22.22222222222222
FedProx,5,101.46846160888671,17.691490173339844,19.84898353107274,-3.377579689025879,22.22222222222222
FedProx,6,120.183935546875,17.546092987060547,19.841652202106935,-3.3743462562561035,22.22222222222222
FedProx,7,77.31692352294922,16.07790756225586,18.10086789237,-2.6404600143432617,22.22222222222222
FedProx,8,86.95370101928711,17.632038116455078,20.06056807773804,-3.471404552459717,22.22222222222222
FedProx,9,74.69869079589844,16.456825256347656,18.646935979821105,-2.863424777984619,22.22222222222222
FedProx,10,80.18666076660156,18.208614349365234,20.660130769624107,-3.742677688598633,22.22222222222222
FedProx,11,42.29074974060059,17.24025535583496,19.64206376492329,-3.286785125732422,22.22222222222222
FedProx,12,71.26063919067383,17.629453659057617,19.998165809448313,-3.443629264831543,22.22222222222222
FedProx,13,77.95762634277344,17.39833641052246,19.331056833520027,-3.1521081924438477,0.0
FedProx,14,84.38145294189454,17.85360336303711,20.78677602162122,-3.8010005950927734,11.11111111111111
FedProx,15,71.39632720947266,17.3594913482666,19.196190869453357,-3.094374656677246,11.11111111111111
FedProx,16,83.23079147338868,16.65440559387207,18.430801881844765,-2.7743828296661377,0.0
FedProx,17,78.4778953552246,17.348848342895508,19.54556896990778,-3.24476957321167,11.11111111111111
FedProx,18,55.86221084594727,16.978008270263672,18.592774232537472,-2.8410139083862305,11.11111111111111
FedProx,19,91.8246826171875,16.61052894592285,18.306972255244634,-2.7238359451293945,0.0
FedProx,20,85.18880767822266,17.90160369873047,20.35863600682997,-3.6052675247192383,11.11111111111111
FedProx,21,54.10900459289551,16.947853088378906,18.747355770579272,-2.9051482677459717,0.0
FedProx,22,77.60577850341797,17.216407775878906,19.049358303045604,-3.031978130340576,11.11111111111111
FedProx,23,66.0909797668457,16.974706649780273,18.88593304014591,-2.9630939960479736,11.11111111111111
FedProx,24,67.51104202270508,16.618946075439453,18.22057572863197,-2.6887707710266113,0.0
FedProx,25,55.00926055908203,17.899944305419922,20.0525235003096,-3.4678187370300293,11.11111111111111
FedProx,26,58.44182815551758,17.699440002441406,19.636694272786613,-3.2844419479370117,0.0
FedProx,27,80.84019317626954,17.316858291625977,19.314153606643384,-3.144850254058838,11.11111111111111
FedProx,28,47.14375534057617,17.948856353759766,20.307019993961603,-3.5819449424743652,11.11111111111111
FedProx,29,84.9227394104004,18.145584106445312,20.45394114825047,-3.6484856605529785,11.11111111111111
FedProx,30,62.85193405151367,18.84849739074707,20.951200187737232,-3.877253532409668,11.11111111111111
FedProx,31,74.00197525024414,18.863554000854492,21.363533022721,-4.071117401123047,11.11111111111111
FedProx,32,77.27497634887695,18.162446975708008,20.377612736286803,-3.613856792449951,22.22222222222222
FedProx,33,57.03182144165039,17.909435272216797,20.080340952619242,-3.4802231788635254,11.11111111111111
FedProx,34,64.2713249206543,18.933115005493164,21.313456494298972,-4.0473713874816895,11.11111111111111
FedProx,35,74.69115142822265,17.973051071166992,19.581974756177235,-3.2605972290039062,11.11111111111111
FedProx,36,75.41708374023438,19.75255584716797,22.120831285415395,-4.437013149261475,11.11111111111111
FedProx,37,71.39645156860351,19.32140350341797,21.76369983185519,-4.262873649597168,11.11111111111111
FedProx,38,76.88131942749024,18.517919540405273,20.75440362369853,-3.7860589027404785,11.11111111111111
FedProx,39,69.16827697753907,18.997495651245117,21.395881670111336,-4.086485862731934,11.11111111111111
FedProx,40,76.49558868408204,18.65114974975586,20.626974485270875,-3.7274675369262695,11.11111111111111
FedProx,41,78.78210525512695,19.73415184020996,22.239156416667427,-4.495334148406982,11.11111111111111
FedProx,42,74.09608764648438,17.49799346923828,19.43294086528923,-3.195991039276123,11.11111111111111
FedProx,43,61.31033020019531,18.32604217529297,20.580522147061846,-3.7061986923217773,11.11111111111111
FedProx,44,102.55491943359375,18.153038024902344,20.360419737680537,-3.606074333190918,11.11111111111111
FedProx,45,86.24432983398438,17.435428619384766,19.75995085922494,-3.3383960723876953,11.11111111111111
FedProx,46,53.97020568847656,18.880512237548828,22.172394588476667,-4.4623894691467285,11.11111111111111
FedProx,47,58.80093612670898,17.469921112060547,19.875633373604806,-3.3893423080444336,22.22222222222222
FedProx,48,86.96207885742187,17.70328140258789,21.180379115413782,-3.9845385551452637,11.11111111111111
FedProx,49,41.967149353027345,17.510560989379883,19.938513272644915,-3.417159080505371,11.11111111111111
FedProx,50,52.07291717529297,17.799392700195312,21.085679879863815,-3.940065383911133,11.11111111111111
SCAFFOLD,1,1680.1241455078125,42.0,43.05810028322197,-19.600000381469727,0.0
SCAFFOLD,2,186.9130599975586,16.213315963745117,22.358721901494267,-4.554582595825195,33.33333333333333
SCAFFOLD,3,194.1937171936035,20.257526397705078,23.26859450491961,-5.015860557556152,0.0
SCAFFOLD,4,160.8733367919922,17.966665267944336,21.670609022594547,-4.217947483062744,22.22222222222222
SCAFFOLD,5,164.09529724121094,18.66461753845215,21.281171846176242,-4.0320916175842285,0.0
SCAFFOLD,6,129.9499755859375,20.422632217407227,23.070084976019945,-4.91365385055542,11.11111111111111
SCAFFOLD,7,149.86639099121095,17.46969985961914,19.047980510370056,-3.0313949584960938,0.0
SCAFFOLD,8,87.62900390625,17.38837432861328,19.37647738822933,-3.171642780303955,22.22222222222222
SCAFFOLD,9,185.03073272705078,18.381568908691406,21.345895327075254,-4.062747001647949,22.22222222222222
SCAFFOLD,10,119.35925750732422,18.47239875793457,21.52512754254098,-4.148123264312744,22.22222222222222
SCAFFOLD,11,129.36151275634765,18.85531997680664,21.71119191781482,-4.237509727478027,0.0
SCAFFOLD,12,136.93685913085938,17.571556091308594,19.027237492646233,-3.0226197242736816,0.0
SCAFFOLD,13,118.54616851806641,17.495399475097656,19.327294469827834,-3.1504921913146973,11.11111111111111
SCAFFOLD,14,138.85581893920897,17.349706649780273,18.779175705699835,-2.9184160232543945,0.0
SCAFFOLD,15,99.24926147460937,17.3315372467041,19.574823270075456,-3.2574853897094727,22.22222222222222
SCAFFOLD,16,75.5903533935547,16.43425178527832,18.004622819462053,-2.6018495559692383,11.11111111111111
SCAFFOLD,17,75.10067520141601,16.41046142578125,18.520053202015074,-2.8110263347625732,22.22222222222222
SCAFFOLD,18,91.3994815826416,15.614490509033203,17.181254191864713,-2.2799501419067383,0.0
SCAFFOLD,19,88.25429954528809,16.151817321777344,17.678404933040834,-2.4725112915039062,0.0
SCAFFOLD,20,104.7086082458496,17.09248161315918,19.500417069107538,-3.2251806259155273,11.11111111111111
SCAFFOLD,21,94.96891860961914,17.4400634765625,19.685735908067738,-3.305868625640869,11.11111111111111
SCAFFOLD,22,60.801415252685544,16.072505950927734,17.504162102710566,-2.4043965339660645,0.0
SCAFFOLD,23,69.82112884521484,16.300146102905273,17.898248239396573,-2.5594141483306885,0.0
SCAFFOLD,24,100.63881988525391,15.88671875,17.408763984745228,-2.367389678955078,0.0
SCAFFOLD,25,112.82884979248047,15.33450698852539,16.786662956724193,-2.1310226917266846,11.11111111111111
SCAFFOLD,26,99.99768447875977,16.445236206054688,18.105743070332856,-2.6424214839935303,11.11111111111111
SCAFFOLD,27,75.88212585449219,16.538402557373047,18.518864267017953,-2.8105368614196777,11.11111111111111
SCAFFOLD,28,72.99932403564453,16.56051254272461,18.224981848520624,-2.6905550956726074,11.11111111111111
SCAFFOLD,29,156.98307189941406,15.446901321411133,17.35351111863335,-2.346048355102539,11.11111111111111
SCAFFOLD,30,132.21367340087892,16.415800094604492,18.45919340840933,-2.786020278930664,11.11111111111111
SCAFFOLD,31,110.73556251525879,17.150062561035156,19.853185041670976,-3.3794326782226562,11.11111111111111
SCAFFOLD,32,119.15890502929688,16.94390106201172,18.95391637749101,-2.9916772842407227,11.11111111111111
SCAFFOLD,33,127.09696578979492,16.679489135742188,18.644917942642994,-2.86258864402771,22.22222222222222
SCAFFOLD,34,85.38740386962891,14.634477615356445,16.501253022675563,-2.0254592895507812,11.11111111111111
SCAFFOLD,35,109.72573852539062,15.459732055664062,17.098704399417866,-2.2485077381134033,11.11111111111111
SCAFFOLD,36,93.23665847778321,17.093795776367188,19.262817079185794,-3.1228456497192383,11.11111111111111
SCAFFOLD,37,80.38813171386718,16.285396575927734,18.207863854728917,-2.6836256980895996,22.22222222222222
SCAFFOLD,38,126.54875183105469,14.71674633026123,17.215923762780182,-2.2932002544403076,11.11111111111111
SCAFFOLD,39,98.08252563476563,14.74156379699707,16.327296068970764,-1.9620065689086914,11.11111111111111
SCAFFOLD,40,72.55711059570312,16.852867126464844,19.25800503833771,-3.120786190032959,11.11111111111111
SCAFFOLD,41,123.78852996826171,16.634056091308594,18.824812500363134,-2.9374840259552,11.11111111111111
SCAFFOLD,42,105.1310646057129,14.417046546936035,15.880485007617004,-1.8021090030670166,11.11111111111111
SCAFFOLD,43,80.54826965332032,14.798176765441895,16.33563766313786,-1.965034008026123,11.11111111111111
SCAFFOLD,44,140.43072052001952,15.851314544677734,17.741594070326656,-2.4973795413970947,11.11111111111111
SCAFFOLD,45,73.68626174926757,15.162922859191895,16.70491268058638,-2.1006011962890625,11.11111111111111
SCAFFOLD,46,74.73697357177734,14.353535652160645,15.849689160496965,-1.7912516593933105,11.11111111111111
SCAFFOLD,47,72.09380569458008,14.716320037841797,16.299512348018364,-1.9519343376159668,11.11111111111111
SCAFFOLD,48,65.93758697509766,15.872782707214355,17.962964421840635,-2.5852012634277344,11.11111111111111
SCAFFOLD,49,74.1055534362793,14.86229133605957,16.71578810650232,-2.1046395301818848,11.11111111111111
SCAFFOLD,50,66.0616584777832,15.10968017578125,17.18435251720433,-2.281132936477661,22.22222222222222
FedNova,1,1664.1183349609375,42.0,43.05810028322197,-19.600000381469727,0.0
FedNova,2,167.38961029052734,18.812538146972656,23.974539921615285,-5.3864288330078125,11.11111111111111
FedNova,3,98.63240051269531,17.175601959228516,21.853543466919657,-4.30641508102417,11.11111111111111
FedNova,4,88.64760665893554,15.418206214904785,18.093086296387238,-2.637331008911133,22.22222222222222
FedNova,5,97.68750762939453,20.460094451904297,22.29896694920985,-4.524932384490967,0.0
FedNova,6,84.45146865844727,17.43199348449707,19.9475944579341,-3.4211835861206055,11.11111111111111
FedNova,7,95.6167179107666,16.293794631958008,19.020331496951,-3.019700050354004,11.11111111111111
FedNova,8,75.50522232055664,18.988391876220703,21.663978683799275,-4.214755058288574,22.22222222222222
FedNova,9,70.43744354248047,16.75303077697754,19.619467957852954,-3.276927947998047,22.22222222222222
FedNova,10,95.47486419677735,18.604381561279297,22.06026181547235,-4.4072794914245605,22.22222222222222
FedNova,11,73.00985412597656,17.961576461791992,20.784202239781557,-3.799811840057373,22.22222222222222
FedNova,12,65.45785217285156,18.001806259155273,21.224352629261745,-4.0052571296691895,22.22222222222222
FedNova,13,74.91108627319336,16.021888732910156,18.388207911200777,-2.756957769393921,11.11111111111111
FedNova,14,78.7275375366211,16.70409393310547,19.095262732884578,-3.05143404006958,0.0
FedNova,15,97.04856033325196,18.25063133239746,21.98748492684425,-4.371661186218262,22.22222222222222
FedNova,16,67.76846542358399,16.585824966430664,19.20255049613568,-3.09708833694458,22.22222222222222
FedNova,17,85.51538391113282,18.38053321838379,20.987934824634962,-3.8943710327148438,22.22222222222222
FedNova,18,75.38927001953125,17.548521041870117,20.325972094873162,-3.590501308441162,22.22222222222222
FedNova,19,66.58255004882812,16.774911880493164,19.166064089825863,-3.081533432006836,0.0
FedNova,20,99.83754348754883,17.004436492919922,19.403765975531737,-3.183401584625244,0.0
FedNova,21,83.13833236694336,17.05905532836914,19.557123487403828,-3.2497897148132324,22.22222222222222
FedNova,22,72.23388442993163,17.11894416809082,19.779462640172618,-3.346968173980713,22.22222222222222
FedNova,23,83.66763381958008,17.416357040405273,19.79281418000135,-3.3528389930725098,22.22222222222222
FedNova,24,64.9532257080078,17.059856414794922,19.38426331606751,-3.1749963760375977,11.11111111111111
FedNova,25,62.192277145385745,18.33768653869629,21.349551394035483,-4.064481258392334,0.0
FedNova,26,91.47176208496094,17.778488159179688,20.52626253396563,-3.6814160346984863,0.0
FedNova,27,74.07697372436523,17.730878829956055,20.495691358376096,-3.6674818992614746,11.11111111111111
FedNova,28,50.297554397583006,17.369043350219727,19.365262642597877,-3.166815757751465,0.0
FedNova,29,116.54283905029297,18.28003692626953,20.756578252965596,-3.7870612144470215,22.22222222222222
FedNova,30,85.32384643554687,17.833263397216797,20.36666081621468,-3.608898639678955,11.11111111111111
FedNova,31,97.33722839355468,18.849720001220703,22.156283057098047,-4.45445442199707,11.11111111111111
FedNova,32,87.93997344970703,17.396018981933594,19.659432497730258,-3.294370174407959,11.11111111111111
FedNova,33,78.06719665527343,18.752784729003906,21.774312078775445,-4.268007278442383,11.11111111111111
FedNova,34,63.74330368041992,17.099653244018555,19.38282667018829,-3.17437744140625,11.11111111111111
FedNova,35,75.03269729614257,18.479347229003906,21.463390319878112,-4.1186347007751465,11.11111111111111
FedNova,36,60.85136947631836,19.03913688659668,22.617557882329976,-4.683932304382324,11.11111111111111
FedNova,37,81.81817398071288,18.136260986328125,20.509705269796207,-3.6738667488098145,0.0
FedNova,38,70.20326766967773,18.99469757080078,22.049800340782213,-4.402152061462402,11.11111111111111
FedNova,39,80.77780609130859,18.11565589904785,20.730947548997776,-3.7752466201782227,11.11111111111111
FedNova,40,82.77699813842773,19.962024688720703,23.84026330175225,-5.315091133117676,11.11111111111111
FedNova,41,79.40013046264649,19.31188201904297,22.182561620314786,-4.467400074005127,11.11111111111111
FedNova,42,90.02025985717773,18.317646026611328,21.24877710750558,-4.016783714294434,11.11111111111111
FedNova,43,77.59495010375977,19.23119354248047,22.567852199109673,-4.658977031707764,11.11111111111111
FedNova,44,114.20098648071288,18.089265823364258,20.349525299909104,-3.601146697998047,0.0
FedNova,45,96.7097282409668,18.41265106201172,21.50900576738875,-4.140414714813232,11.11111111111111
FedNova,46,97.74544219970703,19.47333526611328,23.305415572770446,-5.034915924072266,11.11111111111111
FedNova,47,92.37181243896484,17.806989669799805,20.461486366254192,-3.6519155502319336,22.22222222222222
FedNova,48,109.67359008789063,20.335901260375977,24.744889781781207,-5.803439617156982,22.22222222222222
FedNova,49,93.4072422027588,18.332223892211914,20.899668480100946,-3.853290557861328,11.11111111111111
FedNova,50,65.43968658447265,19.264236450195312,22.403189350322563,-4.5766987800598145,11.11111111111111
FedCrit-HEA,1,1720.34111328125,42.0,43.05810028322197,-19.600000381469727,0.0
FedCrit-HEA,2,237.17588958740234,20.915470123291016,27.67390855740746,-7.509390830993652,22.22222222222222
FedCrit-HEA,3,112.09928817749024,18.898775100708008,24.845515120078137,-5.858884811401367,33.33333333333333
FedCrit-HEA,4,91.08540420532226,18.63501739501953,23.697620333541007,-5.239746570587158,33.33333333333333
FedCrit-HEA,5,104.32709426879883,17.516508102416992,20.50949249071177,-3.673769474029541,22.22222222222222
FedCrit-HEA,6,106.60735511779785,14.6578369140625,17.760324833279196,-2.5047683715820312,22.22222222222222
FedCrit-HEA,7,109.17645263671875,14.99130630493164,17.692037155481486,-2.4778687953948975,11.11111111111111
FedCrit-HEA,8,70.4906436920166,15.596623420715332,17.662138640533367,-2.4661238193511963,22.22222222222222
FedCrit-HEA,9,65.49682273864747,16.449037551879883,19.00065290433504,-3.0113868713378906,22.22222222222222
FedCrit-HEA,10,77.01836929321288,16.452539443969727,18.42482018971793,-2.7719335556030273,22.22222222222222
FedCrit-HEA,11,130.91992721557617,17.541553497314453,19.574276825273056,-3.2572479248046875,22.22222222222222
FedCrit-HEA,12,71.83129119873047,17.16722297668457,19.23512624827582,-3.1110010147094727,11.11111111111111
FedCrit-HEA,13,68.10795440673829,15.734493255615234,17.97846544415186,-2.591391086578369,22.22222222222222
FedCrit-HEA,14,107.00650405883789,16.01374053955078,18.14816592699306,-2.659510374069214,11.11111111111111
FedCrit-HEA,15,111.27922210693359,18.52736473083496,20.74193223124468,-3.780308246612549,22.22222222222222
FedCrit-HEA,16,99.25771484375,14.84839916229248,17.005578416085264,-2.213218927383423,11.11111111111111
FedCrit-HEA,17,96.05529556274413,15.95456600189209,17.856632212285824,-2.5428812503814697,11.11111111111111
FedCrit-HEA,18,115.87371673583985,15.986384391784668,18.08120044605204,-2.6325533390045166,11.11111111111111
FedCrit-HEA,19,89.06626358032227,15.444193840026855,17.448190782206208,-2.382659673690796,11.11111111111111
FedCrit-HEA,20,115.85190505981446,16.906997680664062,19.214538410488164,-3.102205276489258,11.11111111111111
FedCrit-HEA,21,112.1212760925293,15.042451858520508,17.04129935741587,-2.226731777191162,11.11111111111111
FedCrit-HEA,22,105.88655471801758,16.32938575744629,18.361131066282468,-2.745901346206665,11.11111111111111
FedCrit-HEA,23,115.32843914031983,16.466636657714844,18.49384184747174,-2.800246477127075,11.11111111111111
FedCrit-HEA,24,78.33052062988281,16.22393226623535,18.21839237025706,-2.687886953353882,11.11111111111111
FedCrit-HEA,25,64.25690231323242,17.4622745513916,19.910154334044442,-3.4046030044555664,11.11111111111111
FedCrit-HEA,26,93.22423248291015,15.775547981262207,17.606690331620925,-2.444395065307617,11.11111111111111
FedCrit-HEA,27,80.88588104248046,16.08169937133789,18.085569650686807,-2.6343092918395996,11.11111111111111
FedCrit-HEA,28,80.04422531127929,15.63723087310791,17.50731397103704,-2.405622720718384,11.11111111111111
FedCrit-HEA,29,113.83787078857422,16.571491241455078,18.5931648739341,-2.8411753177642822,11.11111111111111
FedCrit-HEA,30,87.75809860229492,17.252208709716797,19.861638406128062,-3.3831629753112793,22.22222222222222
FedCrit-HEA,31,83.75026626586914,16.940824508666992,19.34619361837184,-3.1586132049560547,11.11111111111111
FedCrit-HEA,32,87.50153579711915,16.76698875427246,19.125910319685193,-3.0644493103027344,22.22222222222222
FedCrit-HEA,33,78.45953750610352,15.871500968933105,18.32571715321634,-2.7314655780792236,22.22222222222222
FedCrit-HEA,34,76.94880523681641,15.84287166595459,18.240492761213307,-2.6968398094177246,22.22222222222222
FedCrit-HEA,35,105.55620079040527,17.005048751831055,19.650917773374797,-3.2906508445739746,22.22222222222222
FedCrit-HEA,36,75.4920555114746,16.69611358642578,19.30000923433231,-3.1387815475463867,22.22222222222222
FedCrit-HEA,37,133.91343154907227,16.287904739379883,18.938578055639006,-2.9852192401885986,11.11111111111111
FedCrit-HEA,38,74.02066764831542,16.422422409057617,19.20520197016537,-3.098219871520996,22.22222222222222
FedCrit-HEA,39,87.20866775512695,16.45636749267578,19.07767870331795,-3.043975830078125,11.11111111111111
FedCrit-HEA,40,116.8402717590332,15.958555221557617,18.27329220495892,-2.71014666557312,11.11111111111111
FedCrit-HEA,41,81.95775833129883,16.337154388427734,18.646514550521566,-2.8632500171661377,11.11111111111111
FedCrit-HEA,42,103.30459747314453,14.733267784118652,16.93872876654451,-2.1880056858062744,11.11111111111111
FedCrit-HEA,43,141.0278076171875,15.65001392364502,17.715995776350148,-2.4872944355010986,22.22222222222222
FedCrit-HEA,44,124.87603073120117,16.005672454833984,18.540074015020057,-2.819270610809326,22.22222222222222
FedCrit-HEA,45,92.6139144897461,15.074588775634766,17.25564173338272,-2.308412790298462,11.11111111111111
FedCrit-HEA,46,93.77596588134766,15.664055824279785,18.07446484123043,-2.629847526550293,22.22222222222222
FedCrit-HEA,47,60.51357421875,14.777581214904785,17.138639712398597,-2.263699531555176,22.22222222222222
FedCrit-HEA,48,158.05609512329102,14.978727340698242,17.418576271222808,-2.3711864948272705,22.22222222222222
FedCrit-HEA,49,67.32598648071288,15.35688591003418,17.89287734866735,-2.5572783946990967,33.33333333333333
FedCrit-HEA,50,78.92511596679688,15.018702507019043,17.55374089987881,-2.4237091541290283,22.22222222222222
